Keyword,Title,LabeledAnalogOf,Role,QuantAgainst,Category
13C3-PFBA,13C3-PFBA,PFBA,surrogate,13C4-PFOA,PFAS - Internal Standards
13C3-PFPeA,13C3-PFPeA,PFPeA,surrogate,13C4-PFOA,PFAS - Internal Standards
13C5-PFHxA,13C5-PFHxA,PFHxA,surrogate,13C4-PFOA,PFAS - Internal Standards
13C4-PFHpA,13C4-PFHpA,PFHpA,surrogate,13C4-PFOA,PFAS - Internal Standards
13C8-PFOA,13C8-PFOA,PFOA,surrogate,13C4-PFOA,PFAS - Internal Standards
13C4-PFOA,13C4-PFOA,PFOA,injection_is,self,PFAS - Internal Standards
13C5-PFNA,13C5-PFNA,PFNA,surrogate,13C4-PFOA,PFAS - Internal Standards
13C2-PFDA,13C2-PFDA,PFDA,surrogate,13C4-PFOA,PFAS - Internal Standards
13C2-PFUDA,13C2-PFUDA,PFUDA,surrogate,13C4-PFOA,PFAS - Internal Standards
13C2-PFDoA,13C2-PFDoA,PFDoA,surrogate,13C4-PFOA,PFAS - Internal Standards
13C2-PFTeDA,13C2-PFTeDA,PFTeDA,surrogate,13C4-PFOA,PFAS - Internal Standards
13C2-PFHxDA,13C2-PFHxDA,PFHxDA,surrogate,13C4-PFOA,PFAS - Internal Standards
13C3-PFBS,13C3-PFBS,PFBS,surrogate,13C4-PFOA,PFAS - Internal Standards
13C3-PFHxS,13C3-PFHxS,PFHxS,surrogate,13C4-PFOA,PFAS - Internal Standards
13C8-PFOS,13C8-PFOS,PFOS,surrogate,13C4-PFOA,PFAS - Internal Standards
13C3-HFPO-DA,13C3-GenX (HFPO-DA),GenX,surrogate,13C4-PFOA,PFAS - Internal Standards
13C8-FOSA,13C8-FOSA,FOSA,surrogate,13C4-PFOA,PFAS - Internal Standards
13C2-D4-4:2FTS,"13C2,D4-4:2FTS",4:2FTS,surrogate,13C4-PFOA,PFAS - Internal Standards
13C2-D4-6:2FTS,"13C2,D4-6:2FTS",6:2FTS,surrogate,13C4-PFOA,PFAS - Internal Standards
13C2-D4-8:2FTS,"13C2,D4-8:2FTS",8:2FTS,surrogate,13C4-PFOA,PFAS - Internal Standards
13C2-D4-10:2FTS,"13C2,D4-10:2FTS",10:2FTS,surrogate,13C4-PFOA,PFAS - Internal Standards
D3-NMeFOSA,D3-NMeFOSA,NMeFOSA,surrogate,13C4-PFOA,PFAS - Internal Standards
D5-NEtFOSA,D5-NEtFOSA,NEtFOSA,surrogate,13C4-PFOA,PFAS - Internal Standards
D3-NMeFOSAA,D3-NMeFOSAA,NMeFOSAA,surrogate,13C4-PFOA,PFAS - Internal Standards
D5-NEtFOSAA,D5-NEtFOSAA,NEtFOSAA,surrogate,13C4-PFOA,PFAS - Internal Standards
D7-NMeFOSE,D7-NMeFOSE,NMeFOSE,surrogate,13C4-PFOA,PFAS - Internal Standards
D9-NEtFOSE,D9-NEtFOSE,NEtFOSE,surrogate,13C4-PFOA,PFAS - Internal Standards
13C2-PFOA,13C2-PFOA,PFOA,injection_is,self,PFAS - Internal Standards
13C4-PFOS,13C4-PFOS,PFOS,injection_is,self,PFAS - Internal Standards
13C2-PFHxA,13C2-PFHxA,PFHxA,surrogate,13C4-PFOA,PFAS - Internal Standards
